,cover_art,title,uri
0,https://i.scdn.co/image/ab67616d0000b273d69b54199b7773b97a57a196,Subtitle,49F3htNmwzPKFycPdOrDvf
1,https://i.scdn.co/image/ab67616d0000b2736da83ea7813b3b8d1bd22a87,怪獣の花唄,10zz9RZt9DnqcxNWksRNrx
2,https://i.scdn.co/image/ab67616d0000b273303d8545fce8302841c39859,KICK BACK,3khEEPRyBeOUabbmOPJzAG
3,https://i.scdn.co/image/ab67616d0000b273d70036292d54f29e8b68ec01,OMG,65FftemJ1DbbZ45DUfHJXE
4,https://i.scdn.co/image/ab67616d0000b273edf5b257be1d6593e81bb45f,Ditto,3r8RuvgbX9s7ammBn07D3W
5,https://i.scdn.co/image/ab67616d0000b273e552c9dbdf76676de1032ae0,ダンスホール,4NaaF28BeO9WzjDrSS71Nz
6,https://i.scdn.co/image/ab67616d0000b273b5900aef5989a39a87bda771,W / X / Y,4IfrM44LofE9bSs6TDZS49
7,https://i.scdn.co/image/ab67616d0000b273a8f69ba9f78e59382eec9af9,第ゼロ感,6zjk7Qbwb9DZ4ykUUoqknh
8,https://i.scdn.co/image/ab67616d0000b27381b5fbf6470347967b819fe3,シンデレラボーイ,1Vqs0lXeJafYZz2sxnfB3V
9,https://i.scdn.co/image/ab67616d0000b273b84e5ef0604176e68584dc79,君のまま,78NUnAsLzE6azxvuPDy9M7
10,https://i.scdn.co/image/ab67616d0000b273d29582617459e5bb81bd90a6,Overdose,2Dzzhb1oV5ckgOjWZLraIB
11,https://i.scdn.co/image/ab67616d0000b273928f9e109e056c5f4d00036b,星月夜,3kjByZ9bCHIxJR3nYofZEm
12,https://i.scdn.co/image/ab67616d0000b273d0bd51668da5629aa0cc77d8,ベテルギウス,4JK1kDUdH9RTBQrrSO1QfR
13,https://i.scdn.co/image/ab67616d0000b273fd363d834b815375814ae78e,水平線,3RvdkNMcSy71m0aT6UF9Uf
14,https://i.scdn.co/image/ab67616d0000b273096bd9cb2f36c6e918ecc122,Soranji,6O4twzzHHIM6mmTqPpJNYE
15,https://i.scdn.co/image/ab67616d0000b273fd363d834b815375814ae78e,アイラブユー,34ayWAUrQcrjlKZOJAzqke
16,https://i.scdn.co/image/ab67616d0000b273cec8cc1143813c9c241edbe2,リンジュー・ラヴ,0NUJhYxwcAAB4UQULseQyX
17,https://i.scdn.co/image/ab67616d0000b273c37dcac99df04be050879c60,新時代,28MATCYDctW5EiBa2repxb
18,https://i.scdn.co/image/ab67616d0000b273c51fc46c18220ed859dab6ed,ホワイトノイズ,2wgYCc1xORV5CI8psWTroo
19,https://i.scdn.co/image/ab67616d0000b2733bd4368fd67b77f029f4d2a4,なんでもないよ、,5W7Y92LB4jWvu9NeEQ0GZl
20,https://i.scdn.co/image/ab67616d0000b273244cc50310d5e69aab21c327,ビリミリオン,7KExqPOvjFzAI4d49mQxt9
21,https://i.scdn.co/image/ab67616d0000b273e44b0d64179ddb05a5323af6,アルジャーノン,0L1E2JmrZk6QU9261PtJWQ
22,https://i.scdn.co/image/ab67616d0000b273ce1a46144fd6a2c5e2cc5872,恋人じゃなくなった日,7fQYRdNX6y8BpfmHvWVPm8
23,https://i.scdn.co/image/ab67616d0000b2737b5dacdec4e8cc4ce9b93665,愛とか恋とか,1VHL1PIkhDwWbFc65xHwOr
24,https://i.scdn.co/image/ab67616d0000b273d0bd51668da5629aa0cc77d8,ドライフラワー,4kPlQKwtPrnqLgrmmKFSlA
25,https://i.scdn.co/image/ab67616d0000b27343d214ac51fbf9b72c08f3e6,トウキョウ・シャンディ・ランデヴ,2MmgGuQzr0kkiA04lMdPXW
26,https://i.scdn.co/image/ab67616d0000b273a991995542d50a691b9ae5be,ANTIFRAGILE,4fsQ0K37TOXa3hEQfjEic1
27,https://i.scdn.co/image/ab67616d0000b273c37dcac99df04be050879c60,私は最強,5YQNjKZofFhlBCIzTVY6rW
28,https://i.scdn.co/image/ab67616d0000b27366f270985ac7ef0bbac815a5,本当はね、,5MqZFxSAGTKqnUbBVLlkM5
29,https://i.scdn.co/image/ab67616d0000b273e4432f106a0ca7a2088fbb3d,ミックスナッツ,60ReNXcPcsVFd7nUuQw5HZ
30,https://i.scdn.co/image/ab67616d0000b273ac1a5a83790ba13920affe1e,おもかげ (produced by Vaundy),6ts1KCOudfDYXYfyWtq0k1
31,https://i.scdn.co/image/ab67616d0000b2734ac2e3b0c4363dbf90cb8b79,恋だろ,2j7GjqDtsKbEhVq0Gw6a5Z
32,https://i.scdn.co/image/ab67616d0000b273c5993ff2f059a0a5a7f6270b,祝福,7ajpbW6tBpqUI9foCtwlLw
33,https://i.scdn.co/image/ab67616d0000b2733e94f2b2c3303120be19210b,Habit,2uMNMcjjUz8oNIxjIu20qE
34,https://i.scdn.co/image/ab67616d0000b273b68755a98268d7aa297549d5,点描の唄,1sIIlVrnPhrvmTrHtzM7tV
35,https://i.scdn.co/image/ab67616d0000b273f104652644e87bb6c56f88aa,MOONLIGHT SUNRISE,38DlSDrx9tgc5Gfq6y3aBa
36,https://i.scdn.co/image/ab67616d0000b27354c64f54b5bfda80c5ff7e0d,まぶた,6YCwX5jlAEFL775YJqgLqN
37,https://i.scdn.co/image/ab67616d0000b273981e918d799daf9eb7e72ac1,115万キロのフィルム,278JqkBGkjDovOYAwE8TW7
38,https://i.scdn.co/image/ab67616d0000b27393f551abf615209c537fb4d4,きらり,51oc6MEsXTpnPn6GOw5VuP
39,https://i.scdn.co/image/ab67616d0000b273c753d46683786eed63d41a90,Mela!,6IO5nn84TKArsi3cjpIqaD
40,https://i.scdn.co/image/ab67616d0000b27352340e9f15752954a34b7dff,もう一度,1RChlirFdgtS1ZPH45dJX0
41,https://i.scdn.co/image/ab67616d0000b27310179936604a42f16280835e,残響散歌,7v8wKvNQQIxkugCFFjrkaO
42,https://i.scdn.co/image/ab67616d0000b273de9614ca7864f6f41a40439f,スパークル,3MR8qQiK1Bydhw9WjAzwzU
43,https://i.scdn.co/image/ab67616d0000b273684d81c9356531f2a456b1c1,群青,1zd35Y44Blc1CwwVbW3Qnk
44,https://i.scdn.co/image/ab67616d0000b27353f126eb16bb3ab5720b0ba7,SHOOTING STAR,3IelG5zYpWWCZIH4cqWlPV
45,https://i.scdn.co/image/ab67616d0000b2737f482956521db2b389203930,TURN IT UP - feat. Candee & ZOT on the WAVE,3BjCtb7zq4Nn1riQhneMwo
46,https://i.scdn.co/image/ab67616d0000b273fd363d834b815375814ae78e,ベルベットの詩,7ELIV5p6Irk5MHsazeAFv6
47,https://i.scdn.co/image/ab67616d0000b2736e73d28366be9eef6ddb8526,カメレオン,0J0P8iSE6l3pYHbUdNFYdS
48,https://i.scdn.co/image/ab67616d0000b273b42714a53a2a0d174bda655a,Boom Boom Back,37xJCjdzJ17S1jCDz3GwsB
49,https://i.scdn.co/image/ab67616d0000b27322805a1b17e41ae357bd98bc,死ぬのがいいわ,0o9zmvc5f3EFApU52PPIyW
50,https://i.scdn.co/image/ab67616d0000b2739d28fd01859073a3ae6ea209,Hype Boy,0a4MMyCrzT0En247IhqZbD
51,https://i.scdn.co/image/ab67616d0000b273251cc864dd23a485249269ad,名前は片想い,0o3zVVGJkb1QIOMF9xySiu
52,https://i.scdn.co/image/ab67616d0000b27310e4d66d067248fc0e6fa4ad,アドベンチャー,1w2tdCsX2yKFjbh3wHII94
53,https://i.scdn.co/image/ab67616d0000b2739801b6931cc8cfe8a2f2ede3,酔いどれ知らず,4oPCfEDVIKnPJ6UPkhJPCa
54,https://i.scdn.co/image/ab67616d0000b2734fa36b14a276fe560940baa0,First Love,39HrUxcvKF3jtLz7fUDWXc
55,https://i.scdn.co/image/ab67616d0000b273d365ab3143d84ec6e1becde7,Melody,621pzEeNauLzgQrmVvCMEA
56,https://i.scdn.co/image/ab67616d0000b273d0bd51668da5629aa0cc77d8,シャッター,19mjCzLuMHZ0Tyn3eI85bo
57,https://i.scdn.co/image/ab67616d0000b2731d78b608c7b4ebbc97be34d6,Paradise,4j3ZYby4xNDuqfHb3Crm4k
58,https://i.scdn.co/image/ab67616d0000b273688818278aec60bccc3cefdc,スターマイン,0akvgdebTkERlRqNKJZuFy
59,https://i.scdn.co/image/ab67616d0000b2736da83ea7813b3b8d1bd22a87,不可幸力,57MvUwzIzRJ0r21rnNU1s1
60,https://i.scdn.co/image/ab67616d0000b27381f55cd879e9480e3ed313df,青と夏,5BC6kr6etk2Y9J62AyI4i3
61,https://i.scdn.co/image/ab67616d0000b273ce51ffc5c742ed217779cb9d,HAPPY BIRTHDAY,4FMz2RFrbDGzJO7K4D0vS3
62,https://i.scdn.co/image/ab67616d0000b273821db8ce6379c713a5a3a4b5,LONGINESS REMIX,4WV6zSmQVMmgSAaY9M5bVE
63,https://i.scdn.co/image/ab67616d0000b27333c05e1d08fec494a30bd240,君はロックを聴かない,59eluCMn0XbOWqeWQ91FTM
64,https://i.scdn.co/image/ab67616d0000b27370101f436cad812b9606e52b,CASE 143,1klq7dgG1Pz0ijci5Pmae1
65,https://i.scdn.co/image/ab67616d0000b273a212bd2ad10f117458ce3b76,花占い,2PlbwoIVr25oita35jg9ht
66,https://i.scdn.co/image/ab67616d0000b2737535e19e3d6c39514160db60,踊り子,4xk70Qur2QeRmWIzWPC63V
67,https://i.scdn.co/image/ab67616d0000b2739d28fd01859073a3ae6ea209,Attention,2pIUpMhHL6L9Z5lnKxJJr9
68,https://i.scdn.co/image/ab67616d0000b2734951a4f5f9d719dfa4ef3d75,花束,3QIAwtEEDOrv0g5NKCGrXZ
69,https://i.scdn.co/image/ab67616d0000b273ce51ffc5c742ed217779cb9d,オールドファッション,0Xn30nT5EKFPsWvpiJ2Iav
70,https://i.scdn.co/image/ab67616d0000b273c07d5d2fdc02ae252fcd07e5,Dynamite,5QDLhrAOJJdNAmCTJ8xMyW
71,https://i.scdn.co/image/ab67616d0000b2736da83ea7813b3b8d1bd22a87,napori,7LPL74iMxXZ4hEjCwmLMae
72,https://i.scdn.co/image/ab67616d0000b2738de12a274f6e1df6634f57ec,Die For You - Remix,7oDd86yk8itslrA9HRP2ki
73,https://i.scdn.co/image/ab67616d0000b27387f53da5fb4ab1171766b2d5,After LIKE,2gYj9lubBorOPIVWsTXugG
74,https://i.scdn.co/image/ab67616d0000b273beaf8bfe202f5efc54e837c6,恋風邪にのせて,5PeXak0Ox3JmH2oor0qnGt
75,https://i.scdn.co/image/ab67616d0000b2739c4ba827e585fabd3cfd90f2,Pretender,15HNdxGKNCIO9pgaY4n7FU
76,https://i.scdn.co/image/ab67616d0000b273c37dcac99df04be050879c60,逆光,78MS9OT9Flm2V78fhTw4rk
77,https://i.scdn.co/image/ab67616d0000b273d0bd51668da5629aa0cc77d8,レオ,3eg3igrhEhzk8bqqRz6XCt
78,https://i.scdn.co/image/ab67616d0000b2731ce13e03759fd585b8115476,I LOVE...,5wWLNNwMAehpj83FU4Lz0m
79,https://i.scdn.co/image/ab67616d0000b273684d81c9356531f2a456b1c1,夜に駆ける,6MCjmGYlw6mQVWRFVgBRvB
80,https://i.scdn.co/image/ab67616d0000b2733f3a6fd24fb49e6dabf7c5bf,いつか,0v3iUTe5rskRsxbUhboRlT
81,https://i.scdn.co/image/ab67616d0000b2731191d1599d323818e79dab59,アタシは問題作,7JATH77DeeEJL69Au9osjM
82,https://i.scdn.co/image/ab67616d0000b273a19652713b50a721360c1775,春泥棒,1rr2DJOxV0sHXeUXCAz1yf
83,https://i.scdn.co/image/ab67616d0000b273394f3c1d90214a5ddfc20457,私は最強,0tJ6d01rh2gTbpFlY1mYJZ
84,https://i.scdn.co/image/ab67616d0000b27390b0ec9b2a62d373bcbfd267,Talk that Talk,0kqTXMHiQiB7IECD0WwcPq
85,https://i.scdn.co/image/ab67616d0000b2739c3625a413a9a79facea38c2,怪物,6uhIF5J5Txaie0is2nXdxU
86,https://i.scdn.co/image/ab67616d0000b273fd363d834b815375814ae78e,怪盗,014Dp0tBp4d9uuFAvH1mlc
87,https://i.scdn.co/image/ab67616d0000b273ca6cb1176913264c1f402f68,チェリー,1ihCiJaXRl4f6Sy4LJov5z
88,https://i.scdn.co/image/ab67616d0000b273ea01ed441133ace49bd677fc,結,5Anr2wqdL182BsI02iCbcd
89,https://i.scdn.co/image/ab67616d0000b27316b56423b83603efbc516c25,色彩,1uveEvgKX4irLcp1BUTIFD
90,https://i.scdn.co/image/ab67616d0000b2738a91f071cc4b1cb0e65a50e8,Tokimeki,18gB0d6DaRPvrQBbl7WEuk
91,https://i.scdn.co/image/ab67616d0000b2731869a85947a5ea00df8c936f,Fighting (Feat. Lee Young Ji),7eBpUuPnDTfbeP1P4P93CS
92,https://i.scdn.co/image/ab67616d0000b27381f55cd879e9480e3ed313df,僕のこと,0tnhoHUrHfcLi9hPknUFZ4
93,https://i.scdn.co/image/ab67616d0000b2733d7160267cb5a93eb4c22ba5,CITRUS,2IL2asrtx7XM1y8fu2RMnR
94,https://i.scdn.co/image/ab67616d0000b2739030184114911536d5f77555,FEARLESS,296nXCOv97WJNRWzIBQnoj
95,https://i.scdn.co/image/ab67616d0000b273ad388532d6600cc70e57139d,ブルーベリー・ナイツ,2UdvMWk0Z83lMJPbawy2Sm
96,https://i.scdn.co/image/ab67616d0000b2737a910ed50c45df3713b5de71,CHAINSAW BLOOD,3lUOzabhWYyRImRszpJGOU
97,https://i.scdn.co/image/ab67616d0000b27335559b23aa4aeba5bf5c18a9,春愁,5SHguvOUbyPTINNjCvRo8K
98,https://i.scdn.co/image/ab67616d0000b2731be79ab8eda2663ee62aa9c8,rose - feat. Vaundy,1GHRempxln5XiNEYYvPz7f
99,https://i.scdn.co/image/ab67616d0000b273b4d59e6fa7e5e7cbc57ac33a,STAY (with Justin Bieber),567e29TDzLwZwfDuEpGTwo
100,https://i.scdn.co/image/ab67616d0000b2737169e7c2bf82b1dbad4f8f63,POP!,5rJ7bdPmr8nfmm2JQ8xHOz
101,https://i.scdn.co/image/ab67616d0000b273af476cfef0da5742b32e3176,綺羅キラー,2ZaTpgdhU8MKpiujnBGPoa
102,https://i.scdn.co/image/ab67616d0000b27317db30ce3f081d6818a8ad49,Butter,6jjYDGxVJsWS0a5wlVF5vS
103,https://i.scdn.co/image/ab67616d0000b27316aeaa20fccbe7ef8e32f876,ロビンソン,0sVnyL71jTOuMt9TZ59bws
104,https://i.scdn.co/image/ab67616d0000b273d74cd9b8c052a6df3cac1216,ブルーアンビエンス,1S1WSh4uCprvucg6Hx57Eh
105,https://i.scdn.co/image/ab67616d0000b273e98e7320ff97ef982892768f,Surges,5XhxMq0dQNenKr6eDU79Ka
106,https://i.scdn.co/image/ab67616d0000b27381f55cd879e9480e3ed313df,インフェルノ,2vOAHp8PBBFYqvQUWSoITY
107,https://i.scdn.co/image/ab67616d0000b273bfc76fbf58c8ef0d2267aeed,カナタハルカ,4Fh1CzvLHIUn26tjbZZ1mR
108,https://i.scdn.co/image/ab67616d0000b273cc4fbd1e1ad650bea96e1fc9,おもかげ -self cover-,6uqewERWZ1vzfCcin1zFIp
109,https://i.scdn.co/image/ab67616d0000b27328b535c92629e3c8d20ec242,ただ君に晴れ,3wJHCry960drNlAUGrJLmz
110,https://i.scdn.co/image/ab67616d0000b273775e8184725e0fb89337dd9a,Lemon,04TshWXkhV1qkqHzf31Hn6
111,https://i.scdn.co/image/ab67616d0000b2731ce13e03759fd585b8115476,Cry Baby,6wDntdm888mDo458RaYjGl
112,https://i.scdn.co/image/ab67616d0000b273ad388532d6600cc70e57139d,恋人ごっこ,2SihT7AVMiI2VtaAyVIcnO
113,https://i.scdn.co/image/ab67616d0000b273086eb6c1431d061db59372ef,泣き地蔵,2WHVKDG5Lj92IUijUno1ON
114,https://i.scdn.co/image/ab67616d0000b273dc3aece775bc27e3f91c6d6c,Bye-Good-Bye,3Itdlob7CzXIQqydeVwutQ
115,https://i.scdn.co/image/ab67616d0000b27335d2e0ed94a934f2cc46fa49,Left and Right (Feat. Jung Kook of BTS),5Odq8ohlgIbQKMZivbWkEo
116,https://i.scdn.co/image/ab67616d0000b27309b2a48e835ca140138ca49c,3月9日,1Alsp6EVIAHTDorSjPeRuY
117,https://i.scdn.co/image/ab67616d0000b2739c4ba827e585fabd3cfd90f2,イエスタデイ,1kMlcLyljkrShV0LSdSGBz
118,https://i.scdn.co/image/ab67616d0000b27316016f7b539f9679d5d42221,ねぇ,4OL2UHjasZp21Z1c2htqPj
119,https://i.scdn.co/image/ab67616d0000b2739016f58cc49e6473e1207093,LOVE DIVE,0Q5VnK2DYzRyfqQRJuUtvi
120,https://i.scdn.co/image/ab67616d0000b273a18f6d290a513b3dbb59e19b,boy - feat. asmi & imase,5ZpYanxEoJRJjfWJORq2Jf
121,https://i.scdn.co/image/ab67616d0000b273981e918d799daf9eb7e72ac1,ノーダウト,5DMEvbg3gUmiR5HIBWdveV
122,https://i.scdn.co/image/ab67616d0000b27346be6d955cd9c389fd7da5b2,丸ノ内サディスティック,1mWN1USPKg632qQXG9sfDL
123,https://i.scdn.co/image/ab67616d0000b2735e8286ff63f7efce1881a02b,on the street (with J. Cole),5wxYxygyHpbgv0EXZuqb9V
124,https://i.scdn.co/image/ab67616d0000b2736da83ea7813b3b8d1bd22a87,東京フラッシュ,3vXdK7DCzJyp1MIh10TJFS
125,https://i.scdn.co/image/ab67616d0000b273aed4150ee6dbf5aee5b061ae,バニラ,0zfNtgPJ5FLkbveRjSdCMb
126,https://i.scdn.co/image/ab67616d0000b2734215e4b973011670aaad1d9b,SOUVENIR,7qOsSOpiL3R8RKyiBtIYNQ
127,https://i.scdn.co/image/ab67616d0000b273d60fd8f397f2c77ab943ce3d,メリーゴーランド,1llk0Ducps2jpfNDtKwO1h
128,https://i.scdn.co/image/ab67616d0000b273c37dcac99df04be050879c60,ウタカタララバイ,3IhHrBYZaxySuRu1zI7Vuk
129,https://i.scdn.co/image/ab67616d0000b27321c3d4680ba5ceb0a2963bc2,Talking Box - Dirty Pop Remix,7rTBToPQ2Uf408iKfFHU7r
130,https://i.scdn.co/image/ab67616d0000b273c12d785df5dbf2b15ec49504,マリーゴールド,2cKiHG16JBiqHdi7Llq0r7
131,https://i.scdn.co/image/ab67616d0000b273783ed3c2af46af7ab7c671c0,高嶺の花子さん,2jdbZGFp8KVTuk0YxDNL4l
132,https://i.scdn.co/image/ab67616d0000b273b56ada0ba61d7787fb213f72,カタオモイ,2HovXsvcdJur52BOcYGydz
133,https://i.scdn.co/image/ab67616d0000b273a2272c8966971b7b04066241,白日,172fMG26G2OoEzzg0wn26r
134,https://i.scdn.co/image/ab67616d0000b2738993fc86a565b0bf16ab5530,僕らまた,5hzOyvCqy8sb39xGXUEdpb
135,https://i.scdn.co/image/ab67616d0000b27318285df0b7581a0fcc806afc,ばかまじめ,7FiTlLKW0Knj8rm7lMa9N7
136,https://i.scdn.co/image/ab67616d0000b2731e41d9ecc493a1341880bc1c,のびしろ,3bbIIVIwBoLqVcLebiEJFo
137,https://i.scdn.co/image/ab67616d0000b273f231acc740683be478bfcdf3,裸の勇者,3k64vNcgYPkETG7TNgpW4o
138,https://i.scdn.co/image/ab67616d0000b2739d28fd01859073a3ae6ea209,Cookie,2DwUdMJ5uxv20EhAildreg
139,https://i.scdn.co/image/ab67616d0000b2739e16930796a07f1195002389,まつり,7AMGgAPFczs3wJgMqu6Eqi
140,https://i.scdn.co/image/ab67616d0000b273f42ec303e791b4655a344203,それを愛と呼ぶなら,2lHfHAQDlmTfN8SqYs9G09
141,https://i.scdn.co/image/ab67616d0000b273b8785210c437d5a58506827b,春を告げる,2Gmyw5Vg2X5YW2lM3OC7nD
142,https://i.scdn.co/image/ab67616d0000b273a7e481899b7e0396f93d10b8,Permission to Dance,3XYRV7ZSHqIRDG87DKTtry
143,https://i.scdn.co/image/ab67616d0000b27333c05e1d08fec494a30bd240,愛を伝えたいだとか,0N8Xztr4pBHJ7V0moJWhbO
144,https://i.scdn.co/image/ab67616d0000b27381f55cd879e9480e3ed313df,ロマンチシズム,0JcI7OdALbpSFkyKoufRYs
145,https://i.scdn.co/image/ab67616d0000b2733ec5fcc46968690df2385678,世界の秘密,2ISglgxR4TxUXxrA5Iqwzr
146,https://i.scdn.co/image/ab67616d0000b2734f220d17ad81c943221ce335,アイネクライネ,45YBVp6zMwQZRbUDcPzmMB
147,https://i.scdn.co/image/ab67616d0000b273aa1073c3edd459b6a23e012c,THE SOUND,2ovMFHvl5jWOZdhd9hL7uf
148,https://i.scdn.co/image/ab67616d0000b273b4a0213f6f7093cdba5f76fe,魔法の絨毯,3PK5ERLCyMuQ5Cb89GbZVL
149,https://i.scdn.co/image/ab67616d0000b273681dedf478b2dde1a5b5ae4e,一途,7ncPjJBktLEOpstY5JOUMK
150,https://i.scdn.co/image/ab67616d0000b273ece6b6818c2b96a559508acc,猫,6sIx7Cn37DGEhjy9hBP8Gx
151,https://i.scdn.co/image/ab67616d0000b27396f409e230a8f42400c901f1,Celebrate,4Y0chGCyYIRpdUqHJjndF7
152,https://i.scdn.co/image/ab67616d0000b273f7994d33de90ec347aa477c3,VIBE (feat. Jimin of BTS),61AZsmFB3VoJdmraMk5ZSn
153,https://i.scdn.co/image/ab67616d0000b2733188658d9ee0cbc71e8f0a5b,ワンダーランド,7CdJxQfuNWmEOE9o5uOBeN
154,https://i.scdn.co/image/ab67616d0000b273fd363d834b815375814ae78e,秘密のキス,077Erf4RnkjumF791VOBnE
155,https://i.scdn.co/image/ab67616d0000b27346bd7813234a9637feeae7a0,grace,7tnYsRepXLaNhqj4xtcWP2
156,https://i.scdn.co/image/ab67616d0000b27309ca036917527fa198ead7b1,青春コンプレックス,60nwK1iMgnFCznF6FiNfts
157,https://i.scdn.co/image/ab67616d0000b273d6d22bf9771d9c72c7ecce26,ちゅ、多様性。,5KLL3cZEyuSJRvyS84o4Df
158,https://i.scdn.co/image/ab67616d0000b27343a4feca9399f68cc2ba1200,空も飛べるはず,3P2aSkjcbUYbcYr13EFE8n
159,https://i.scdn.co/image/ab67616d0000b273f8f6a8981cd203c7ed997cdc,逆夢,6ZiEWet0uFRwWBCEKCQ8rY
160,https://i.scdn.co/image/ab67616d0000b273ba5db46f4b838ef6027e6f96,Shape of You,7qiZfU4dY1lWllzX7mPBI3
161,https://i.scdn.co/image/ab67616d0000b273ef57183066d6cac0cabb85c6,Dreamers [Music from the FIFA World Cup Qatar 2022 Official Soundtrack],1RDvyOk4WtPCtoqciJwVn8
162,https://i.scdn.co/image/ab67616d0000b2736a81da932758060c47773764,プロローグ,4YMukCV1BsdK8V9kZoQpT6
163,https://i.scdn.co/image/ab67616d0000b2734cf57a2df30a90a9a3fc39ef,裸の心,4Jv7U0JJpbQnOrjtDwDZTZ
164,https://i.scdn.co/image/ab67616d0000b273a716d5aa6f08492ad5bdae37,奏(かなで),5RbMlPFL4gVyEHW2lEOuzG
165,https://i.scdn.co/image/ab67616d0000b273196e1c881559dc85f50c59cd,優しさに溢れた世界で,2mRMcwDCNyYvBXaoUxmsmE
166,https://i.scdn.co/image/ab67616d0000b2738a33fac09b110514ad28544d,赤ずきん,1vone5YS9zGooFsnUml2LI
167,https://i.scdn.co/image/ab67616d0000b273a740f9efcae5e414f437b933,アイタリナイ,67seLhibwW3OAyZcEw5Ijh
168,https://i.scdn.co/image/ab67616d0000b273f1150110f2382c91280611c1,ハート,6MkbBtxdVggObSGnqB8miZ
169,https://i.scdn.co/image/ab67616d0000b27323ace4cae499c056f055a7de,HANABI,0AU7xhipAm9Saq0k8A9Iua
170,https://i.scdn.co/image/ab67616d0000b273f429549123dbe8552764ba1d,Flowers,0yLdNVWF3Srea0uzk55zFn
171,https://i.scdn.co/image/ab67616d0000b273d0bd51668da5629aa0cc77d8,ピーターパン,5MLIlPL6L8RVqL7YSpFdgr
172,https://i.scdn.co/image/ab67616d0000b2739c3625a413a9a79facea38c2,三原色,0UBUg8NU4XJtQqzTPs8Pkr
173,https://i.scdn.co/image/ab67616d0000b27309ca036917527fa198ead7b1,ギターと孤独と蒼い惑星,1rgncjmlpHMP3DBhpagyVb
174,https://i.scdn.co/image/ab67616d0000b273c12d785df5dbf2b15ec49504,今夜このまま,6kKvmT4i0Dercz6f3kftg3
175,https://i.scdn.co/image/ab67616d0000b273171231dbbb138cad4af3024c,虹,7eqjbcOZTgZbV0lX2ghtfV
176,https://i.scdn.co/image/ab67616d0000b273c6a3678b061e8586d7a13db6,小さな恋のうた,23atyJacJVHvB9RHBNhr35
177,https://i.scdn.co/image/ab67616d0000b273ad187f3ffcb34a500f7e45aa,グッドな音楽を,2vAtN2fB1zqTzfPGxqHmyO
178,https://i.scdn.co/image/ab67616d0000b2734b062591b6a5c15652dd2bb5,NIGHT DANCER,3gmn76fCtpDazGMnN0QMHX
179,https://i.scdn.co/image/ab67616d0000b27309ca036917527fa198ead7b1,星座になれたら,1iNhNmEwrd2TP4XrV7pQBI
180,https://i.scdn.co/image/ab67616d0000b2739c4ba827e585fabd3cfd90f2,宿命,0XaHPBAzPAC5ubwcRBqc1p
181,https://i.scdn.co/image/ab67616d0000b273684d81c9356531f2a456b1c1,ハルカ,5D9MPWdY2hjSeTIGE5n5kv
182,https://i.scdn.co/image/ab67616d0000b273ee9ddd9ff22b6ea5458b8f29,ワタリドリ,0ve9Tpz8Yw0I4eXhWsy21o
183,https://i.scdn.co/image/ab67616d0000b27359a14a1d53eb5610f84c8382,クリスマスソング,5P8ZvBQoCrujjNcLAxO3Su
184,https://i.scdn.co/image/ab67616d0000b2738d57576f830008be9c427ef2,アイノカタチ,7mSVOYRseiZi20xtBKhHnF
185,https://i.scdn.co/image/ab67616d0000b27381f55cd879e9480e3ed313df,lovin',19kF4PkH9RmZlMSEOhSgdQ
186,https://i.scdn.co/image/ab67616d0000b27332248e88f72e0e6711afdef4,YOKAZE,6tkSMR8bEIfEcJn7ybJtSP
187,https://i.scdn.co/image/ab67616d0000b273196e1c881559dc85f50c59cd,魔法にかけられて,4n1x8gmuHKOJ1BNFnBsgTh
188,https://i.scdn.co/image/ab67616d0000b2732ee9ed50bdd9cdf4ad8fd783,エジソン,2wRKOmpe6I7q6k69bkjuFU
189,https://i.scdn.co/image/ab67616d0000b273ebd5ea08fe812be9af886a3d,雨燦々,34PR0zLBVl7VMF9E7dDwdo
190,https://i.scdn.co/image/ab67616d0000b2730c471c36970b9406233842a5,Kill Bill,1Qrg8KqiBpW07V7PNxwwwL
191,https://i.scdn.co/image/ab67616d0000b273da343b21617aac0c57e332bb,ELEVEN,7n2FZQsaLb7ZRfRPfEeIvr
192,https://i.scdn.co/image/ab67616d0000b2734687e95bc88740e997be9e6b,The Feels,1qE8DOtw7zdXHMgZm20eLM
193,https://i.scdn.co/image/ab67616d0000b27303808f76fad28ce8523f5ac6,恋,7f9DsQEsIoeTwKxV6shsom
194,https://i.scdn.co/image/ab67616d0000b2732e8ed79e177ff6011076f5f0,As It Was,4Dvkj6JhhA12EX05fT7y2e
195,https://i.scdn.co/image/ab67616d0000b273c47eeef851e629523a1bdbcf,DOGLAND,6CMjaUiyl7WLPop2AoLbn6
196,https://i.scdn.co/image/ab67616d0000b27357fc2bbd3061376a6058fc74,キセキ,7ztdl6cnbJgHRdMkKldkts
197,https://i.scdn.co/image/ab67616d0000b273e09353d6028fda18c3699085,ハッピーエンド,4GqO80eGXA542oTvlYv4LS
198,https://i.scdn.co/image/ab67616d0000b27386a86bc3753b237672859788,"Stand by me, Stand by you.",7DyS11kB1YNrfDzQqtjmTh
199,https://i.scdn.co/image/ab67616d0000b273be7757567d0c3dc3c98c8ba2,Tomorrow never knows,2CbDcSVFCbMSfLMoZiAFYN
